name,compiler,type,threads,input,dtlb_stores,dtlb_store_misses,cycles,branch_misses,branch_instructions,mpxbtnum,dtlb_load_misses,mpxerrors,dtlb_loads,minor_faults,time,instructions,major_faults
vips,icc,mpx_only_write,1,native,39627007442,1938511,237480766625,148524788,79293618261,,1400107,,127804525094,422456,62.703015981,708040994158,0
vips,icc,mpx_only_write,1,native,39618293565,1902085,237198065902,148898332,79284061686,,1359321,,127776745150,422456,63.107848886,708112417245,0
vips,icc,mpx_only_write,1,native,39653269683,1590727,237975522088,149311936,79428149670,,1159500,,127919638024,420412,63.388220407,708696792130,0
vips,icc,mpx_only_write,1,native,39626102349,1868663,237374886511,148980728,79309522257,,1389252,,127832771228,422412,63.251059078,708162641406,0
vips,icc,mpx_only_write,1,native,39617615958,1880259,237310205152,148789754,79253718627,,1413580,,127767519740,422412,62.893809703,708142359612,0
vips,icc,mpx_only_write,1,native,39634171237,1862789,237202470728,148389453,79270999376,,1300519,,127865890449,422412,63.103926389,707776009131,0
vips,icc,mpx_only_write,1,native,39624388651,1894079,237385686269,148555359,79257141226,,1325856,,127842602179,422412,63.192213812,707775629432,0
vips,icc,mpx_only_write,1,native,39618770869,1956326,237317632451,148630589,79298355448,,1543980,,127772552102,422412,63.149019873,708143711861,0
vips,icc,mpx_only_write,1,native,39617935389,1868728,237389121657,148382589,79258134342,,1431030,,127807305806,422412,63.10046059,707768080903,0
vips,icc,mpx_only_write,1,native,39616382824,1842482,237345880324,148727483,79268327405,,1372612,,127778630155,422412,62.960543905,707975439060,0
vips,icc,mpx_no_narrow_bounds,1,native,38853098293,587550,319518652994,142643386,75080040375,,1250783,,131879441281,27652,84.873211856,861803236236,0
vips,icc,mpx_no_narrow_bounds,1,native,38853601229,599027,319531792728,142609514,75087743894,,1182936,,131889586570,27652,84.616994886,861954032931,0
vips,icc,mpx_no_narrow_bounds,1,native,38849886935,590446,319504336428,142554163,75081532246,,1171502,,131867123122,27652,84.528487062,862022922405,0
vips,icc,mpx_no_narrow_bounds,1,native,38854790470,597457,319484300153,142518230,75097160730,,1118427,,131910388007,27652,84.783100085,862030040975,0
vips,icc,mpx_no_narrow_bounds,1,native,38833545567,595196,319375259927,142612970,75071719253,,1035297,,131868268247,27652,84.871005792,861755891086,0
vips,icc,mpx_no_narrow_bounds,1,native,38857665399,600650,319457781145,142466776,75092971497,,1091583,,131899230892,27652,84.606101922,861990510402,0
vips,icc,mpx_no_narrow_bounds,1,native,38840425593,601461,319392332825,142361699,75079218968,,1029434,,131894316044,27652,84.392065493,862017108934,0
vips,icc,mpx_no_narrow_bounds,1,native,38855268651,586867,319521033582,142239550,75102077277,,1070195,,131895864592,27652,84.28356512,862078466570,0
vips,icc,mpx_no_narrow_bounds,1,native,38853066236,606459,319476564134,142265106,75083001348,,1081269,,131880948189,27652,84.38270591,861813016194,0
vips,icc,mpx_no_narrow_bounds,1,native,38911133959,389481,320577031438,145097496,75595160489,,971931,,132327341125,26119,84.548237842,863863401101,0
vips,icc,mpx_no_narrow_bounds_only_write,1,native,39131364756,672423,232186070733,143546065,75107103248,,890987,,128238828122,27589,61.194244001,700949374182,0
vips,icc,mpx_no_narrow_bounds_only_write,1,native,39129637152,684574,231928881816,143109542,75110542999,,1087885,,128281648090,27589,61.456513936,700633246146,0
vips,icc,mpx_no_narrow_bounds_only_write,1,native,39129901140,673021,232061762369,143275287,75080332453,,997726,,128204270849,27589,61.394428687,700883280929,0
vips,icc,mpx_no_narrow_bounds_only_write,1,native,39134444384,678179,231970158030,143480839,75058436347,,981007,,128230371210,27589,61.329607828,700488982569,0
vips,icc,mpx_no_narrow_bounds_only_write,1,native,39124411041,670344,232015293842,143526776,75071981313,,974099,,128200374856,27589,61.144444828,700934728877,0
vips,icc,mpx_no_narrow_bounds_only_write,1,native,39125051102,668762,232009387554,143268221,75051386441,,919971,,128184973815,27589,61.261144256,700855196661,0
vips,icc,mpx_no_narrow_bounds_only_write,1,native,39141307825,672826,232050572192,143331125,75101269764,,1054781,,128247927840,27589,61.633302116,700857451151,0
vips,icc,mpx_no_narrow_bounds_only_write,1,native,39117558942,686516,231968284337,143092648,75093582981,,972843,,128244723630,27589,61.420910194,700943492849,0
vips,icc,mpx_no_narrow_bounds_only_write,1,native,39116668280,663227,231991845888,143452516,75072517466,,968439,,128194788172,27589,61.745616526,700836578070,0
vips,icc,mpx_no_narrow_bounds_only_write,1,native,39148275928,672097,232044988368,143484484,75079428863,,1061997,,128257139770,27589,61.708022194,700732227059,0
